<?xml version="1.0" encoding="utf-8"?>
<Package xmlns="http://schemas.microsoft.com/appx/manifest/foundation/windows10"
         xmlns:uap="http://schemas.microsoft.com/appx/manifest/uap/windows10"
         IgnorableNamespaces="uap">
  <Identity Name="ScriptBox.Aligned" Publisher="CN=ScriptBox" Version="1.0.0.0" />
  <Properties>
    <DisplayName>ScriptBox</DisplayName>
    <PublisherDisplayName>ScriptBox</PublisherDisplayName>
    <Logo>Assets\StoreLogo.png</Logo>
  </Properties>
  <Dependencies>
    <TargetDeviceFamily Name="Windows.Universal" MinVersion="10.0.17763.0" MaxVersionTested="10.0.26100.0" />
  </Dependencies>
  <Applications>
    <Application Id="App" Executable="x86Emulator.exe" EntryPoint="Windows.FullTrustApplication">
      <uap:VisualElements DisplayName="ScriptBox"
        Square150x150Logo="Assets\Square150x150Logo.png"
        Square44x44Logo="Assets\Square44x44Logo.png"
        BackgroundColor="black" />
    </Application>
  </Applications>
</Package>
